{
    "modelInputIsSparse": false, 
    "modelInputNRows": 11943, 
    "modelInputNCols": 7, 
    "modelInputMemory": 668808, 
    "rawImportance": {
        "variables": [
            "Work_accident", 
            "average_workhour_class", 
            "last_evaluation", 
            "number_project", 
            "promotion_last_5years", 
            "salary_coded", 
            "time_spend_company"
        ], 
        "importances": [
            0.0072980781063209307, 
            0.081163370786983824, 
            0.17453804073389642, 
            0.63369716500005124, 
            0.00076222148317143829, 
            0.017593338076869997, 
            0.084947785812706136
        ]
    }
}