{
    "usedGridSearch": true, 
    "gridSize": 3, 
    "modelInputNRows": 11943, 
    "modelInputNCols": 20, 
    "modelInputMemory": 1910880, 
    "gridCells": [
        {
            "score": 0.053855913308697156, 
            "params": {
                "alpha": 0.1
            }
        }, 
        {
            "score": 0.04928395166107601, 
            "params": {
                "alpha": 1.0
            }
        }, 
        {
            "score": 0.033848638648107415, 
            "params": {
                "alpha": 3.0
            }
        }
    ], 
    "lmCoefficients": {
        "variables": [
            "Work_accident", 
            "average_montly_hours", 
            "last_evaluation", 
            "left", 
            "number_project", 
            "promotion_last_5years", 
            "satisfaction_level", 
            "dummy:salary:low", 
            "dummy:salary:medium", 
            "dummy:sales:sales", 
            "dummy:sales:technical", 
            "dummy:sales:support", 
            "dummy:sales:IT", 
            "dummy:sales:product_mng", 
            "dummy:sales:marketing", 
            "dummy:sales:RandD", 
            "dummy:sales:accounting", 
            "dummy:sales:hr"
        ], 
        "tstat": [
            0.033171387440026748, 
            0.044880723064411147, 
            0.10205689041262396, 
            0.19244100036286776, 
            0.20181927426684307, 
            0.09546747665570321, 
            -0.054501570468987508, 
            -0.87503304330091125, 
            -0.45509165913218425, 
            -1.0713951264946824, 
            -2.2348731975496645, 
            -2.5144099117887704, 
            -2.9505521533046108, 
            -3.3191015948978473, 
            -2.4299075357684283, 
            -6.4428834952092382, 
            -4.5688109621554212, 
            -7.7290972265094933
        ], 
        "interceptCoef": 3.9042433445511859, 
        "pvalue": [
            0.48676923518870208, 
            0.48210156689410544, 
            0.4593566175523015, 
            0.42370002831831666, 
            0.42003072813420705, 
            0.46197256331120151, 
            0.47826823531221752, 
            0.19078677720268233, 
            0.32452579270125514, 
            0.14200674568392735, 
            0.012722062713380611, 
            0.0059681165157690064, 
            0.0015891171943740456, 
            0.00045289146761628984, 
            0.0075586685486556116, 
            6.0868421414284057e-11, 
            2.4771078330765306e-06, 
            5.8841820305133297e-15
        ], 
        "coefs": [
            0.033131751191869722, 
            0.044827095416794561, 
            0.1019349433809756, 
            0.19221105401961766, 
            0.20157812189263391, 
            0.095353403266340411, 
            -0.054436446941196974, 
            -0.21889688704136645, 
            -0.11151423253587475, 
            -0.21398192755974188, 
            -0.33198991797108701, 
            -0.31895654748172703, 
            -0.22253562695904355, 
            -0.18936651468209112, 
            -0.13055888952930189, 
            -0.33612063929952074, 
            -0.22845833930073792, 
            -0.36732927281664496
        ]
    }, 
    "modelInputIsSparse": false
}