{
    "per_feature": {
        "promotion_last_5years": {
            "stats": {
                "std": 0.14675876419609404, 
                "p99": 1.0, 
                "min": 0.0, 
                "max": 1.0, 
                "average": 0.022021267688185547, 
                "median": 0.0
            }, 
            "missing_impute_with_value": 0.022021267688185547
        }, 
        "Work_accident": {
            "stats": {
                "std": 0.35255951628564963, 
                "p99": 1.0, 
                "min": 0.0, 
                "max": 1.0, 
                "average": 0.14544084400904295, 
                "median": 0.0
            }, 
            "missing_impute_with_value": 0.14544084400904295
        }, 
        "satisfaction_level": {
            "stats": {}
        }, 
        "salary_coded": {
            "stats": {
                "std": 0.6379352836032154, 
                "p99": 3.0, 
                "min": 1.0, 
                "max": 3.0, 
                "average": 1.593234530687432, 
                "median": 2.0
            }, 
            "missing_impute_with_value": 1.593234530687432
        }, 
        "last_evaluation": {
            "stats": {
                "std": 0.17114156402549482, 
                "p99": 1.0, 
                "min": 0.36, 
                "max": 1.0, 
                "average": 0.7176856736163373, 
                "median": 0.72
            }, 
            "missing_impute_with_value": 0.7176856736163373
        }, 
        "number_project": {
            "stats": {
                "std": 1.2305331909045798, 
                "p99": 7.0, 
                "min": 2.0, 
                "max": 7.0, 
                "average": 3.800301431801055, 
                "median": 4.0
            }, 
            "missing_impute_with_value": 3.800301431801055
        }, 
        "time_spend_company": {
            "stats": {
                "std": 1.4661851376183386, 
                "p99": 10.0, 
                "min": 2.0, 
                "max": 10.0, 
                "average": 3.4980323201875576, 
                "median": 3.0
            }, 
            "missing_impute_with_value": 3.4980323201875576
        }, 
        "average_workhour_class": {
            "stats": {
                "std": 0.8367033340567974, 
                "p99": 3.0, 
                "min": 1.0, 
                "max": 3.0, 
                "average": 2.1631080967931005, 
                "median": 2.0
            }, 
            "missing_impute_with_value": 2.1631080967931005
        }
    }, 
    "feature_order": [
        "promotion_last_5years", 
        "Work_accident", 
        "satisfaction_level", 
        "salary_coded", 
        "last_evaluation", 
        "number_project", 
        "time_spend_company", 
        "average_workhour_class"
    ]
}