{
    "shifts": [
        0.022021267688185547, 
        0.14544084400904295, 
        1.593234530687432, 
        0.7176856736163373, 
        3.800301431801055, 
        3.4980323201875576, 
        2.1631080967931005
    ], 
    "columns": [
        "promotion_last_5years", 
        "Work_accident", 
        "salary_coded", 
        "last_evaluation", 
        "number_project", 
        "time_spend_company", 
        "average_workhour_class"
    ], 
    "inv_scales": [
        6.813903111529572, 
        2.8364005332642424, 
        1.5675571264090522, 
        5.843115935594879, 
        0.812655853081775, 
        0.68204210664991, 
        1.195166744647055
    ]
}