{
    "modelInputIsSparse": false, 
    "modelInputNRows": 11943, 
    "modelInputNCols": 23, 
    "modelInputMemory": 2197512, 
    "rawImportance": {
        "variables": [
            "Work_accident", 
            "average_montly_hours", 
            "last_evaluation", 
            "left", 
            "number_project", 
            "promotion_last_5years", 
            "satisfaction_level", 
            "dummy:salary:high", 
            "dummy:sales:sales", 
            "dummy:sales:technical", 
            "dummy:sales:product_mng", 
            "dummy:sales:__Others__"
        ], 
        "importances": [
            0.016140729244962838, 
            0.012149998472352914, 
            0.40641250325488398, 
            0.10315833542499718, 
            0.049969228871363874, 
            0.013590667647521374, 
            0.25402706791619645, 
            0.038694313331333725, 
            0.0029436072349240359, 
            0.0020648198898176951, 
            0.003009377979670737, 
            0.097839350731975055
        ]
    }
}