{
    "featureNames": [
        "Work_accident", 
        "average_montly_hours", 
        "last_evaluation", 
        "left", 
        "number_project", 
        "promotion_last_5years", 
        "satisfaction_level", 
        "dummy:salary:low", 
        "dummy:salary:medium", 
        "dummy:salary:high", 
        "dummy:salary:N/A", 
        "dummy:salary:__Others__", 
        "dummy:sales:sales", 
        "dummy:sales:technical", 
        "dummy:sales:support", 
        "dummy:sales:IT", 
        "dummy:sales:product_mng", 
        "dummy:sales:marketing", 
        "dummy:sales:RandD", 
        "dummy:sales:accounting", 
        "dummy:sales:hr", 
        "dummy:sales:N/A", 
        "dummy:sales:__Others__"
    ], 
    "tree": {
        "rightChild": [
            26, 
            17, 
            10, 
            7, 
            6, 
            -1, 
            -1, 
            9, 
            -1, 
            -1, 
            14, 
            13, 
            -1, 
            -1, 
            16, 
            -1, 
            -1, 
            25, 
            22, 
            21, 
            -1, 
            -1, 
            24, 
            -1, 
            -1, 
            -1, 
            42, 
            35, 
            32, 
            31, 
            -1, 
            -1, 
            34, 
            -1, 
            -1, 
            39, 
            38, 
            -1, 
            -1, 
            41, 
            -1, 
            -1, 
            50, 
            47, 
            46, 
            -1, 
            -1, 
            49, 
            -1, 
            -1, 
            54, 
            53, 
            -1, 
            -1, 
            56, 
            -1, 
            -1
        ], 
        "impurity": [
            2.1495188612178193, 
            1.4906452259941751, 
            1.3601258405667416, 
            1.2436238346133415, 
            2.2330421399962077, 
            1.7975759616193905, 
            2.3479754583950836, 
            0.16932854814264076, 
            1.049795918367348, 
            0.11038438614470891, 
            2.1471346938775486, 
            1.7194474763822498, 
            1.4930606281957637, 
            1.8994082840236644, 
            6.576388888888886, 
            1.484375, 
            6.75, 
            7.238399999999999, 
            4.916099773242628, 
            1.6622222222222227, 
            0.5600000000000014, 
            1.009999999999998, 
            2.0, 
            0.0, 
            0.0, 
            0.0, 
            2.151460322828184, 
            2.317905295648398, 
            2.029532145863234, 
            1.983917008508401, 
            3.077896417341478, 
            1.8692931828932302, 
            2.6773196584327223, 
            2.320620190131276, 
            4.884353741496593, 
            6.85515800708038, 
            4.327985411409312, 
            3.0636669101533975, 
            7.350260416666668, 
            9.219176456627508, 
            8.488380518606697, 
            10.700000000000003, 
            1.2371678835112991, 
            0.15675613344610895, 
            0.017364874465371827, 
            0.004993063648736751, 
            0.25, 
            1.6110937499999984, 
            1.55859375, 
            0.80859375, 
            0.4167313019390555, 
            1.3487603305785143, 
            1.1797520661157002, 
            0.9917355371900847, 
            0.27148332578844503, 
            0.7474999999999987, 
            0.21901220096968643
        ], 
        "predict": [
            3.4980323201875576, 
            4.2430841671571509, 
            4.2174432497013141, 
            4.2681787858572378, 
            4.4687083888149131, 
            4.1376146788990829, 
            4.6041275797373356, 
            4.0668449197860959, 
            3.5142857142857142, 
            4.0939691444600284, 
            3.7828571428571429, 
            3.6993865030674846, 
            3.4864864864864864, 
            4.1538461538461542, 
            4.916666666666667, 
            3.625, 
            7.5, 
            5.96, 
            5.1904761904761907, 
            4.0666666666666664, 
            2.7999999999999998, 
            4.7000000000000002, 
            8.0, 
            10.0, 
            7.0, 
            10.0, 
            3.3744631003514254, 
            3.2632670489203366, 
            3.2094811018577833, 
            3.1822011585044758, 
            3.7160278745644599, 
            3.1385645115351752, 
            4.2009569377990434, 
            4.0957446808510642, 
            5.1428571428571432, 
            4.3341836734693882, 
            3.7253218884120169, 
            3.4108108108108106, 
            4.9375, 
            5.2264150943396226, 
            4.971223021582734, 
            7.0, 
            3.8197361993160723, 
            3.0574980574980577, 
            3.0057995028997513, 
            2.9983347210657785, 
            4.5, 
            3.8374999999999999, 
            4.0625, 
            2.9375, 
            5.1105263157894738, 
            4.1818181818181817, 
            3.9545454545454546, 
            5.0909090909090908, 
            5.182978723404255, 
            4.0499999999999998, 
            5.2160583941605836
        ], 
        "feature": [
            6, 
            5, 
            6, 
            3, 
            2, 
            -2, 
            -2, 
            1, 
            -2, 
            -2, 
            16, 
            1, 
            -2, 
            -2, 
            6, 
            -2, 
            -2, 
            6, 
            22, 
            2, 
            -2, 
            -2, 
            4, 
            -2, 
            -2, 
            -2, 
            3, 
            22, 
            4, 
            2, 
            -2, 
            -2, 
            6, 
            -2, 
            -2, 
            9, 
            0, 
            -2, 
            -2, 
            6, 
            -2, 
            -2, 
            2, 
            4, 
            1, 
            -2, 
            -2, 
            12, 
            -2, 
            -2, 
            6, 
            13, 
            -2, 
            -2, 
            1, 
            -2, 
            -2
        ], 
        "leftChild": [
            1, 
            2, 
            3, 
            4, 
            5, 
            -1, 
            -1, 
            8, 
            -1, 
            -1, 
            11, 
            12, 
            -1, 
            -1, 
            15, 
            -1, 
            -1, 
            18, 
            19, 
            20, 
            -1, 
            -1, 
            23, 
            -1, 
            -1, 
            -1, 
            27, 
            28, 
            29, 
            30, 
            -1, 
            -1, 
            33, 
            -1, 
            -1, 
            36, 
            37, 
            -1, 
            -1, 
            40, 
            -1, 
            -1, 
            43, 
            44, 
            45, 
            -1, 
            -1, 
            48, 
            -1, 
            -1, 
            51, 
            52, 
            -1, 
            -1, 
            55, 
            -1, 
            -1
        ],