{
    "rawImportance": {
        "variables": [
            "Work_accident", 
            "average_montly_hours", 
            "last_evaluation", 
            "left", 
            "number_project", 
            "promotion_last_5years", 
            "satisfaction_level", 
            "dummy:salary:low", 
            "dummy:salary:medium", 
            "dummy:salary:high", 
            "dummy:sales:sales", 
            "dummy:sales:technical", 
            "dummy:sales:support", 
            "dummy:sales:IT", 
            "dummy:sales:product_mng", 
            "dummy:sales:marketing", 
            "dummy:sales:RandD", 
            "dummy:sales:accounting", 
            "dummy:sales:hr", 
            "dummy:sales:__Others__"
        ], 
        "importances": [
            0.014317943714559078, 
            0.28931719064712524, 
            0.20747771859169006, 
            0.020330578088760376, 
            0.060546692460775375, 
            0.02491592988371849, 
            0.2394694983959198, 
            0.010899175889790058, 
            0.008069293573498726, 
            0.014998997561633587, 
            0.007532085757702589, 
            0.008606499992311, 
            0.010191126726567745, 
            0.007977122440934181, 
            0.0096809146925807, 
            0.01088567916303873, 
            0.011449881829321384, 
            0.008226637728512287, 
            0.005711442790925503, 
            0.029395613819360733
        ]
    }, 
    "modelInputNRows": 11943, 
    "modelInputNCols": 23, 
    "modelInputMemory": 2197512, 
    "modelInputIsSparse": false, 
    "nBoostedEstimators": 300
}