{
    "featureNames": [
        "Work_accident", 
        "average_workhour_class", 
        "last_evaluation", 
        "number_project", 
        "promotion_last_5years", 
        "salary_coded", 
        "time_spend_company"
    ], 
    "tree": {
        "rightChild": [
            32, 
            17, 
            10, 
            7, 
            6, 
            -1, 
            -1, 
            9, 
            -1, 
            -1, 
            14, 
            13, 
            -1, 
            -1, 
            16, 
            -1, 
            -1, 
            25, 
            22, 
            21, 
            -1, 
            -1, 
            24, 
            -1, 
            -1, 
            29, 
            28, 
            -1, 
            -1, 
            31, 
            -1, 
            -1, 
            48, 
            41, 
            38, 
            37, 
            -1, 
            -1, 
            40, 
            -1, 
            -1, 
            45, 
            44, 
            -1, 
            -1, 
            47, 
            -1, 
            -1, 
            56, 
            53, 
            52, 
            -1, 
            -1, 
            55, 
            -1, 
            -1, 
            60, 
            59, 
            -1, 
            -1, 
            62, 
            -1, 
            -1
        ], 
        "impurity": [
            0.061873476655144144, 
            0.04640383648480939, 
            0.025225058513022286, 
            0.010903752349277207, 
            0.005777926730525601, 
            0.0033580021301777563, 
            0.03448328716527266, 
            0.047331543252592645, 
            0.0450687500000001, 
            0.04214568929612622, 
            0.04273003514372592, 
            0.041271787338054255, 
            0.0392821597222221, 
            0.04134568882373474, 
            0.04203698231934522, 
            0.03718105729088145, 
            0.04759288888888885, 
            0.04340670382886219, 
            0.04657450357976356, 
            0.03243630038792411, 
            0.03275386181683576, 
            0.005820408163269564, 
            0.058136005353955855, 
            0.05388013042803125, 
            0.0705270400000006, 
            0.04232394466096018, 
            0.03134798202420075, 
            0.032188876139475076, 
            0.029449861718689352, 
            0.06225061625502187, 
            0.06792811987464381, 
            0.05074955693048222, 
            0.05663400178248021, 
            0.06833799307958477, 
            0.06471779621056245, 
            0.06989035514692649, 
            0.07005779793398834, 
            0.0009555555555637307, 
            0.05326693090236459, 
            0.05685805363467708, 
            0.014544000000001084, 
            0.07110940170940155, 
            0.05969795918367332, 
            0.06744152249134946, 
            0.04433209876543209, 
            2.500000000016378e-05, 
            0.0, 
            5.551115123125783e-16, 
            0.03649642309677496, 
            0.0760111531758906, 
            0.07422422145328722, 
            0.052529000000000076, 
            0.07265306122448967, 
            0.0706964285714283, 
            0.06606763744713598, 
            0.07176499999999952, 
            0.018291890495867828, 
            0.061652423469387735, 
            0.04741388888888887, 
            0.05497768595041322, 
            0.013088182098765468, 
            0.009248292376800303, 
            0.06438888888889502
        ], 
        "predict": [
            0.61332161098550664, 
            0.65228655998519502, 
            0.48167898627243794, 
            0.43576282940360539, 
            0.4228150331613843, 
            0.41583076923076812, 
            0.58210526315789501, 
            0.64247058823529413, 
            0.5691666666666666, 
            0.69632653061224514, 
            0.62816371681415895, 
            0.60149466192170786, 
            0.56858333333333344, 
            0.62602484472049702, 
            0.67198830409356669, 
            0.69737588652482263, 
            0.55266666666666686, 
            0.68852416732084276, 
            0.52984276729559743, 
            0.49915584415584391, 
            0.49258503401360554, 
            0.63714285714285712, 
            0.55865853658536613, 
            0.54107913669064756, 
            0.65640000000000009, 
            0.6943923712059501, 
            0.71316962730755684, 
            0.70718725515800385, 
            0.72514375326712033, 
            0.65665383269163802, 
            0.61510543130990614, 
            0.70698142414860743, 
            0.24119257950530007, 
            0.45235294117647051, 
            0.43050925925925931, 
            0.46255813953488367, 
            0.4684126984126985, 
            0.21666666666666667, 
            0.38298850574712628, 
            0.39584415584415572, 
            0.28399999999999997, 
            0.57333333333333336, 
            0.52857142857142858, 
            0.46235294117647058, 
            0.59111111111111114, 
            0.96499999999999986, 
            0.95999999999999996, 
            0.96999999999999997, 
            0.17979475484606622, 
            0.41713178294573672, 
            0.59588235294117642, 
            0.49899999999999994, 
            0.73428571428571421, 
            0.38999999999999996, 
            0.3699019607843137, 
            0.59499999999999997, 
            0.13886363636363652, 
            0.43392857142857144, 
            0.60833333333333339, 
            0.38636363636363635, 
            0.12738888888888847, 
            0.11908045977011479, 
            0.3683333333333334
        ], 
        "feature": [
            3, 
            3, 
            2, 
            1, 
            6, 
            -2, 
            -2, 
            2, 
            -2, 
            -2, 
            1, 
            2, 
            -2, 
            -2, 
            6, 
            -2, 
            -2, 
            2, 
            3, 
            4, 
            -2, 
            -2, 
            6, 
            -2, 
            -2, 
            6, 
            2, 
            -2, 
            -2, 
            2, 
            -2, 
            -2, 
            1, 
            2, 
            6, 
            2, 
            -2, 
            -2, 
            6, 
            -2, 
            -2, 
            6, 
            5, 
            -2, 
            -2, 
            0, 
            -2, 
            -2, 
            2, 
            2, 
            6, 
            -2, 
            -2, 
            2, 
            -2, 
            -2, 
            6, 
            2, 
            -2, 
            -2, 
            6, 
            -2, 
            -2
        ], 
        "leftChild": [
            1, 
            2, 
            3, 
            4, 
            5, 
            -1, 
            -1, 
            8, 
            -1, 
            -1, 
            11, 
            12, 
            -1, 
            -1, 
            15, 
            -1, 
            -1, 
            18, 
            19, 
            20, 
            -1, 
            -1, 
            23, 
            -1, 
            -1, 
            26, 
            27, 
            -1, 
            -1, 
            30, 
            -1, 
            -1, 
            33, 
            34, 
            35, 
            36, 
            -1, 
            -1, 
            39, 
            -1, 
            -1, 
            42, 
            43, 
            -1, 
            -1, 
            46, 
            -1, 
            -1, 
            49, 
            50, 
            51, 
            -1, 
            -1, 
            54, 
            -1, 
            -1, 
            57, 
            58, 
            -1, 
            -1, 
            61, 
            -1, 
            -1
        ],