{
    "shifts": [
        0.022021267688185547, 
        0.14544084400904295, 
        0.6133216109855066, 
        1.593234530687432, 
        200.80507410198442, 
        0.7176856736163373, 
        3.800301431801055, 
        3.4980323201875576
    ], 
    "columns": [
        "promotion_last_5years", 
        "Work_accident", 
        "satisfaction_level", 
        "salary_coded", 
        "average_montly_hours", 
        "last_evaluation", 
        "number_project", 
        "time_spend_company"
    ], 
    "inv_scales": [
        6.813903111529572, 
        2.8364005332642424, 
        4.02003243808988, 
        1.5675571264090522, 
        0.02001721388736105, 
        5.843115935594879, 
        0.812655853081775, 
        0.68204210664991
    ]
}