{
    "shifts": [
        3.7586666666666693, 
        5.843333333333335, 
        2.0, 
        1.1986666666666672, 
        3.0540000000000007
    ], 
    "columns": [
        "PetalLengthCm", 
        "SepalLengthCm", 
        "Species_copy", 
        "PetalWidthCm", 
        "SepalWidthCm"
    ], 
    "inv_scales": [
        0.5667583466456685, 
        1.2076330213409399, 
        1.2206555615733703, 
        1.3103399393571, 
        2.306303320397388
    ]
}