{
    "usedGridSearch": true, 
    "gridSize": 3, 
    "modelInputNRows": 11943, 
    "modelInputNCols": 7, 
    "modelInputMemory": 668808, 
    "gridCells": [
        {
            "score": 0.02908974112871843, 
            "params": {
                "alpha": 0.1
            }
        }, 
        {
            "score": 0.03058404027851911, 
            "params": {
                "alpha": 1.0
            }
        }, 
        {
            "score": 0.018720001213358973, 
            "params": {
                "alpha": 3.0
            }
        }
    ], 
    "lmCoefficients": {
        "variables": [
            "Work_accident", 
            "average_workhour_class", 
            "last_evaluation", 
            "number_project", 
            "promotion_last_5years", 
            "salary_coded", 
            "time_spend_company"
        ], 
        "tstat": [
            0.007337698194283232, 
            0.010967278387387541, 
            0.016300773128472761, 
            -0.022080704438094085, 
            0.0031608420077014151, 
            0.0070212235372541822, 
            -0.012172029939659525
        ], 
        "interceptCoef": 0.61332161098551385, 
        "pvalue": [
            0.49707276953688895, 
            0.49562486831332497, 
            0.49349735661342387, 
            0.49119197373777812, 
            0.49873903499483196, 
            0.49719901875906292, 
            0.49514428424680201
        ], 
        "coefs": [
            0.0073327061526632549, 
            0.010959817040695752, 
            0.016289683255910434, 
            -0.022065682316358217, 
            0.0031586915983448051, 
            0.0070164468022098732, 
            -0.01216374896673956
        ]
    }, 
    "modelInputIsSparse": false
}