{
    "pw_linear": {
        "shifts": {
            "pw_linear:Work_accident+satisfaction_level": 2.8400119104190607e-14, 
            "pw_linear:salary_coded-time_spend_company": 3.2871271659903714e-15, 
            "pw_linear:satisfaction_level-salary_coded": 2.9024262284519165e-14, 
            "pw_linear:Work_accident-satisfaction_level": -2.894550859461083e-14, 
            "pw_linear:Work_accident+salary_coded": -6.401276718420617e-15, 
            "pw_linear:satisfaction_level+time_spend_company": 2.8461128776000325e-14, 
            "pw_linear:Work_accident+average_montly_hours": -3.1104094959208377e-16, 
            "pw_linear:promotion_last_5years+satisfaction_level": 3.090791199503306e-14, 
            "pw_linear:promotion_last_5years+last_evaluation": 2.7483061498147948e-14, 
            "pw_linear:Work_accident-salary_coded": -7.888119183478957e-16, 
            "pw_linear:satisfaction_level+last_evaluation": 5.599570105243694e-14, 
            "pw_linear:satisfaction_level+number_project": 2.8671613206259913e-14, 
            "pw_linear:number_project-time_spend_company": -5.143215210068459e-16, 
            "pw_linear:salary_coded+average_montly_hours": -1.6286246072786295e-16, 
            "pw_linear:satisfaction_level-time_spend_company": 2.983032946358092e-14, 
            "pw_linear:last_evaluation-time_spend_company": 2.714008131597836e-14, 
            "pw_linear:number_project+time_spend_company": -6.134967694693898e-17, 
            "pw_linear:salary_coded-last_evaluation": -2.7264055689136812e-14, 
            "pw_linear:satisfaction_level-number_project": 2.844113222386764e-14, 
            "pw_linear:salary_coded-number_project": -3.3082074844979447e-15, 
            "pw_linear:last_evaluation+time_spend_company": 2.7419331785240477e-14, 
            "pw_linear:average_montly_hours-time_spend_company": 2.244883918487923e-16, 
            "pw_linear:promotion_last_5years+salary_coded": -2.2141134535696106e-14, 
            "pw_linear:promotion_last_5years+number_project": -5.485090375542083e-15, 
            "pw_linear:average_montly_hours+time_spend_company": 5.9945030723803315e-16, 
            "pw_linear:last_evaluation+number_project": 2.7510580663941604e-14, 
            "pw_linear:promotion_last_5years-average_montly_hours": 5.393756495556651e-16, 
            "pw_linear:Work_accident-last_evaluation": -2.7356877091597578e-14, 
            "pw_linear:Work_accident-average_montly_hours": 2.0186211248292693e-16, 
            "pw_linear:promotion_last_5years-salary_coded": 9.668896089663054e-16, 
            "pw_linear:average_montly_hours-last_evaluation": -2.7419565538772315e-14, 
            "pw_linear:satisfaction_level-last_evaluation": 1.902392493703089e-15, 
            "pw_linear:Work_accident+time_spend_company": 5.388868921709129e-15, 
            "pw_linear:promotion_last_5years+Work_accident": -6.5940596312237455e-15, 
            "pw_linear:promotion_last_5years-satisfaction_level": -2.981256419516123e-14, 
            "pw_linear:salary_coded+last_evaluation": 2.770344857802904e-14, 
            "pw_linear:average_montly_hours+number_project": -8.750882219171968e-17, 
            "pw_linear:promotion_last_5years-time_spend_company": -1.4024468149042807e-15, 
            "pw_linear:satisfaction_level+average_montly_hours": 2.932733436370768e-14, 
            "pw_linear:promotion_last_5years-Work_accident": -2.945475128888047e-15, 
            "pw_linear:salary_coded+time_spend_company": 1.27291548278441e-15, 
            "pw_linear:promotion_last_5years-number_project": 5.339143170390862e-16, 
            "pw_linear:Work_accident-number_project": 1.5504234257182778e-16, 
            "pw_linear:satisfaction_level+salary_coded": 3.0238824385628377e-14, 
            "pw_linear:salary_coded-average_montly_hours": 1.548935903242945e-16, 
            "pw_linear:salary_coded+number_project": -2.5368633300746713e-16, 
            "pw_linear:average_montly_hours+last_evaluation": 2.723424148866693e-14, 
            "pw_linear:satisfaction_level-average_montly_hours": 2.784015189351212e-14, 
            "pw_linear:last_evaluation-number_project": 2.724029783017364e-14, 
            "pw_linear:Work_accident+number_project": 2.4697123154739343e-16, 
            "pw_linear:promotion_last_5years-last_evaluation": -2.6812656368836542e-14, 
            "pw_linear:Work_accident-time_spend_company": -6.262145553754581e-15, 
            "pw_linear:average_montly_hours-number_project": -2.8245926774461826e-16, 
            "pw_linear:Work_accident+last_evaluation": 2.7183665724505614e-14, 
            "pw_linear:promotion_last_5years+average_montly_hours": -8.085109659855169e-16, 
            "pw_linear:promotion_last_5years+time_spend_company": 1.194704738579574e-14
        }, 
        "inv_scales": {
            "pw_linear:Work_accident+satisfaction_level": 0.6870929302391867, 
            "pw_linear:salary_coded-time_spend_company": 0.7266264403867032, 
            "pw_linear:satisfaction_level-salary_coded": 0.7297081199285428, 
            "pw_linear:Work_accident-satisfaction_level": 0.7289780246726665, 
            "pw_linear:Work_accident+salary_coded": 0.7031511135328908, 
            "pw_linear:satisfaction_level+time_spend_company": 0.7442982748450463, 
            "pw_linear:Work_accident+average_montly_hours": 0.7105632591301707, 
            "pw_linear:promotion_last_5years+satisfaction_level": 0.6969102002741304, 
            "pw_linear:promotion_last_5years+last_evaluation": 0.7063226603873919, 
            "pw_linear:Work_accident-salary_coded": 0.7111299682406442, 
            "pw_linear:satisfaction_level+last_evaluation": 0.6724892411791276, 
            "pw_linear:satisfaction_level+number_project": 0.7671355013139686, 
            "pw_linear:number_project-time_spend_company": 0.7895479509787374, 
            "pw_linear:salary_coded+average_montly_hours": 0.7077750585092245, 
            "pw_linear:satisfaction_level-time_spend_company": 0.6749856922553493, 
            "pw_linear:last_evaluation-time_spend_company": 0.7565315659191741, 
            "pw_linear:number_project+time_spend_company": 0.6460550406809146, 
            "pw_linear:salary_coded-last_evaluation": 0.7009165201269251, 
            "pw_linear:satisfaction_level-number_project": 0.6592721839930079, 
            "pw_linear:salary_coded-number_project": 0.7034138385097163, 
            "pw_linear:last_evaluation+time_spend_company": 0.6662541851655521, 
            "pw_linear:average_montly_hours-time_spend_company": 0.7575479610626269, 
            "pw_linear:promotion_last_5years+salary_coded": 0.6722118122889923, 
            "pw_linear:promotion_last_5years+number_project": 0.7073876042507891, 
            "pw_linear:average_montly_hours+time_spend_company": 0.6655624338927412, 
            "pw_linear:last_evaluation+number_project": 0.6090836863808103, 
            "pw_linear:promotion_last_5years-average_montly_hours": 0.7095008796635377, 
            "pw_linear:Work_accident-last_evaluation": 0.7061705816368395, 
            "pw_linear:Work_accident-average_montly_hours": 0.7037002587079138, 
            "pw_linear:promotion_last_5years-salary_coded": 0.7480689498297897, 
            "pw_linear:average_montly_hours-last_evaluation": 0.8729548166232439, 
            "pw_linear:satisfaction_level-last_evaluation": 0.7476871315108805, 
            "pw_linear:Work_accident+time_spend_company": 0.7032955335508008, 
            "pw_linear:promotion_last_5years+Work_accident": 0.6929472583301765, 
            "pw_linear:promotion_last_5years-satisfaction_level": 0.7177644334040437, 
            "pw_linear:salary_coded+last_evaluation": 0.7134640045325821, 
            "pw_linear:average_montly_hours+number_project": 0.5953484421255724, 
            "pw_linear:promotion_last_5years-time_spend_company": 0.7336213724177748, 
            "pw_linear:satisfaction_level+average_montly_hours": 0.7168707394493165,