{
    "shifts": [
        0.022021267688185547, 
        0.14544084400904295, 
        0.6133216109855066, 
        200.80507410198442, 
        0.7176856736163373, 
        3.800301431801055, 
        0.23670769488403248
    ], 
    "columns": [
        "promotion_last_5years", 
        "Work_accident", 
        "satisfaction_level", 
        "average_montly_hours", 
        "last_evaluation", 
        "number_project", 
        "left"
    ], 
    "inv_scales": [
        6.813903111529572, 
        2.8364005332642424, 
        4.02003243808988, 
        0.02001721388736105, 
        5.843115935594879, 
        0.812655853081775, 
        2.3525030062167382
    ]
}