{"cluster_labels": ["cluster_0", "cluster_1", "cluster_2", "cluster_3", "cluster_4"], "proportions": [[0.3333333333333333, 0.3333333333333333, 0.3333333333333333]], "cluster_sizes": [27, 50, 23, 23, 27], "levels": [["Iris-setosa", "Iris-versicolor", "Iris-virginica"]], "num_names": ["PetalLengthCm", "PetalWidthCm", "SepalLengthCm", "SepalWidthCm", "Species_copy"], "cluster_proportions": [[[1.0, 0.0, 0.0]], [[0.0, 1.0, 0.0]], [[0.0, 0.0, 1.0]], [[1.0, 0.0, 0.0]], [[0.0, 0.0, 1.0]]], "num_std_devs": [1.7644204199522617, 0.7631607417008414, 0.8280661279778629, 0.4335943113621737, 0.8192319205190405], "cluster_num_averages": [[1.4777777777777776, 0.2777777777777778, 5.237037037037037, 3.681481481481481, 1.0], [4.26, 1.3259999999999998, 5.936, 2.7700000000000005, 3.0], [5.173913043478259, 1.852173913043478, 6.104347826086957, 2.756521739130435, 2.0], [1.4478260869565218, 0.20434782608695662, 4.734782608695652, 3.1086956521739135, 1.0], [5.874074074074074, 2.1740740740740736, 7.0, 3.1592592592592585, 2.0]], "total_size": 150, "cat_names": ["Species"], "num_averages": [3.7586666666666693, 1.1986666666666672, 5.843333333333335, 3.0540000000000007, 2.0], "cluster_num_std_devs": [[0.17614096918559585, 0.11208970766356098, 0.26623897326122437, 0.2703801270534007, 0.0], [0.46991097723995806, 0.197752680004544, 0.5161711470638635, 0.3137983233784114, 0.0], [0.3319602814471906, 0.21923330291431403, 0.39251897564966115, 0.2191431391009533, 0.0], [0.17286243931201822, 0.08779242496606937, 0.22484074293551523, 0.22746237147005793, 0.0], [0.4965981137798317, 0.2280225909735743, 0.4984591642868435, 0.2790909133091543, 0.0]]}